2015-11-09,""
2015-11-09,5.01
2015-11-09,-0.52
2015-11-09,-0.85
2015-11-09,3.16
2015-11-10,-0.48
2015-11-10,5.24
2015-11-10,-0.52
2015-11-10,-0.85
2015-11-10,3.05
2015-11-11,-0.46
2015-11-11,5.33
2015-11-11,-0.52
2015-11-11,-0.85
2015-11-11,3.08
2015-11-12,-0.47
2015-11-12,5.32
2015-11-12,-0.53
2015-11-12,-0.85
2015-11-12,2.99
2015-11-13,-0.47
2015-11-13,5.38
2015-11-13,-0.52
2015-11-13,-0.85
2015-11-13,2.92
2015-11-16,-0.45
2015-11-16,5.38
2015-11-16,-0.52
2015-11-16,-0.85
2015-11-16,2.99
2015-11-17,-0.47
2015-11-17,5.38
2015-11-17,-0.51
2015-11-17,-0.85
2015-11-17,3.04
2015-11-18,-0.45
2015-11-18,5.31
2015-11-18,-0.51
2015-11-18,-0.85
2015-11-18,3.11
2015-11-19,-0.46
2015-11-19,5.22
2015-11-19,-0.51
2015-11-19,-0.85
2015-11-19,3.11
2015-11-20,-0.46
2015-11-20,5.34
2015-11-20,-0.52
2015-11-20,-0.85
2015-11-20,3.06
2015-11-23,-0.46
2015-11-23,5.42
2015-11-23,-0.52
2015-11-23,-0.85
2015-11-23,3.02
2015-11-24,-0.45
2015-11-24,5.29
2015-11-24,-0.52
2015-11-24,-0.85
2015-11-24,3.02
2015-11-25,-0.46
2015-11-25,5.34
2015-11-25,-0.52
2015-11-25,-0.85
2015-11-25,3.28
2015-11-27,-0.49
2015-11-27,5.37
2015-11-27,-0.52
2015-11-27,-0.85
2015-11-27,3.29
2015-11-30,-0.49
2015-11-30,5.28
2015-11-30,-0.51
2015-11-30,-0.85
2015-11-30,3.24
2015-12-01,-0.49
2015-12-01,5.54
2015-12-01,-0.53
2015-12-01,-0.85
2015-12-01,3.3
2015-12-02,-0.51
2015-12-02,5.56
2015-12-02,-0.53
2015-12-02,-0.85
2015-12-02,3.2
2015-12-03,-0.5
2015-12-03,5.53
2015-12-03,-0.53
2015-12-03,-0.85
2015-12-03,3.29
2015-12-04,-0.49
2015-12-04,5.44
2015-12-04,-0.53
2015-12-04,-0.85
2015-12-04,3.12
2015-12-07,-0.49
2015-12-07,5.45
2015-12-07,-0.53
2015-12-07,-0.84
2015-12-07,3.14
2015-12-08,-0.49
2015-12-08,5.45
2015-12-08,-0.54
2015-12-08,-0.84
2015-12-08,3.06
2015-12-09,-0.49
2015-12-09,5.5
2015-12-09,-0.54
2015-12-09,-0.84
2015-12-09,3.08
2015-12-10,-0.48
2015-12-10,5.45
2015-12-10,-0.54
2015-12-10,-0.84
2015-12-10,3.11
2015-12-11,-0.5
2015-12-11,5.53
2015-12-11,-0.56
2015-12-11,-0.83
2015-12-11,3.01
2015-12-14,-0.48
2015-12-14,5.65
2015-12-14,-0.57
2015-12-14,-0.83
2015-12-14,2.96
2015-12-15,-0.49
2015-12-15,5.73
2015-12-15,-0.56
2015-12-15,-0.83
2015-12-15,3.01
2015-12-16,-0.5
2015-12-16,5.81
2015-12-16,-0.56
2015-12-16,-0.83
2015-12-16,3.18
2015-12-17,-0.54
2015-12-17,5.88
2015-12-17,-0.56
2015-12-17,-0.83
2015-12-17,3.19
2015-12-18,-0.55
2015-12-18,5.97
2015-12-18,-0.57
2015-12-18,-0.83
2015-12-18,3.26
2015-12-21,-0.53
2015-12-21,5.97
2015-12-21,-0.56
2015-12-21,-0.83
2015-12-21,3.24
2015-12-22,-0.54
2015-12-22,5.99
2015-12-22,-0.56
2015-12-22,-0.83
2015-12-22,3.15
2015-12-23,-0.53
2015-12-23,5.91
2015-12-23,-0.55
2015-12-23,-0.84
2015-12-23,3.12
2015-12-24,-0.53
2015-12-24,5.93
2015-12-24,-0.55
2015-12-24,-0.84
2015-12-24,3.14
2015-12-28,-0.54
2015-12-28,6.14
2015-12-28,-0.55
2015-12-28,-0.84
2015-12-28,3.09
2015-12-29,-0.53
2015-12-29,6.14
2015-12-29,-0.56
2015-12-29,-0.84
2015-12-29,3.19
2015-12-30,-0.55
2015-12-30,6.18
2015-12-30,-0.56
2015-12-30,-0.84
2015-12-30,3.23
2015-12-31,-0.56
2015-12-31,6.21
2015-12-31,-0.55
2015-12-31,-0.84
2015-12-31,3.33
2016-01-04,-0.56
2016-01-04,6.04
2016-01-04,-0.55
2016-01-04,-0.84
2016-01-04,3.08
2016-01-05,-0.54
2016-01-05,6.23
2016-01-05,-0.55
2016-01-05,-0.84
2016-01-05,3.06
2016-01-06,-0.55
2016-01-06,6.38
2016-01-06,-0.56
2016-01-06,-0.84
2016-01-06,3.05
2016-01-07,-0.56
2016-01-07,6.53
2016-01-07,-0.57
2016-01-07,-0.83
2016-01-07,3.13
2016-01-08,-0.55
2016-01-08,6.37
2016-01-08,-0.57
2016-01-08,-0.83
2016-01-08,3.03
2016-01-11,-0.53
2016-01-11,6.27
2016-01-11,-0.57
2016-01-11,-0.83
2016-01-11,2.97
2016-01-12,-0.52
2016-01-12,6.26
2016-01-12,-0.57
2016-01-12,-0.83
2016-01-12,2.98
2016-01-13,-0.54
2016-01-13,6.19
2016-01-13,-0.57
2016-01-13,-0.83
2016-01-13,2.88
2016-01-14,-0.5
2016-01-14,6.18
2016-01-14,-0.57
2016-01-14,-0.83
2016-01-14,2.88
2016-01-15,-0.53
2016-01-15,6.15
2016-01-15,-0.57
2016-01-15,-0.83
2016-01-15,3.02
2016-01-19,-0.53
2016-01-19,6.26
2016-01-19,-0.58
2016-01-19,-0.83
2016-01-19,3.05
2016-01-20,-0.53
2016-01-20,6.22
2016-01-20,-0.58
2016-01-20,-0.83
2016-01-20,2.91
2016-01-21,-0.52
2016-01-21,6.34
2016-01-21,-0.59
2016-01-21,-0.83
2016-01-21,2.96
2016-01-22,-0.49
2016-01-22,6.15
2016-01-22,-0.59
2016-01-22,-0.83
2016-01-22,2.87
2016-01-25,-0.51
2016-01-25,6.16
2016-01-25,-0.59
2016-01-25,-0.82
2016-01-25,2.79
2016-01-26,-0.49
2016-01-26,6.13
2016-01-26,-0.58
2016-01-26,-0.83
2016-01-26,2.71
2016-01-27,-0.52
2016-01-27,6.49
2016-01-27,-0.57
2016-01-27,-0.83
2016-01-27,2.67
2016-01-28,-0.5
2016-01-28,6.77
2016-01-28,-0.59
2016-01-28,-0.83
2016-01-28,2.64
2016-01-29,-0.49
2016-01-29,6.63
2016-01-29,-0.58
2016-01-29,-0.82
2016-01-29,2.47
2016-02-01,-0.5
2016-02-01,6.8
2016-02-01,-0.58
2016-02-01,-0.82
2016-02-01,2.6
2016-02-02,-0.52
2016-02-02,7.09
2016-02-02,-0.61
2016-02-02,-0.82
2016-02-02,2.45
2016-02-03,-0.47
2016-02-03,6.54
2016-02-03,-0.58
2016-02-03,-0.83
2016-02-03,2.33
2016-02-04,-0.44
2016-02-04,6.33
2016-02-04,-0.56
2016-02-04,-0.83
2016-02-04,2.37
2016-02-05,-0.46
2016-02-05,6.27
2016-02-05,-0.55
2016-02-05,-0.84
2016-02-05,2.24
2016-02-08,-0.42
2016-02-08,6.19
2016-02-08,-0.57
2016-02-08,-0.83
2016-02-08,2.0
2016-02-09,-0.36
2016-02-09,6.14
2016-02-09,-0.57
2016-02-09,-0.83
2016-02-09,2.01
2016-02-10,-0.36
2016-02-10,6.26
2016-02-10,-0.56
2016-02-10,-0.83
2016-02-10,1.89
2016-02-11,-0.35
2016-02-11,6.29
2016-02-11,-0.57
2016-02-11,-0.83
2016-02-11,2.03
2016-02-12,-0.38
2016-02-12,6.26
2016-02-12,-0.55
2016-02-12,-0.84
2016-02-12,1.99
2016-02-16,-0.36
2016-02-16,6.15
2016-02-16,-0.54
2016-02-16,-0.84
2016-02-16,2.04
2016-02-17,-0.37
2016-02-17,6.22
2016-02-17,-0.55
2016-02-17,-0.84
2016-02-17,2.22
2016-02-18,-0.43
2016-02-18,6.24
2016-02-18,-0.55
2016-02-18,-0.83
2016-02-18,2.2
2016-02-19,-0.42
2016-02-19,6.3
2016-02-19,-0.55
2016-02-19,-0.84
2016-02-19,2.21
2016-02-22,-0.42
2016-02-22,6.29
2016-02-22,-0.55
2016-02-22,-0.83
2016-02-22,2.38
2016-02-23,-0.47
2016-02-23,6.35
2016-02-23,-0.55
2016-02-23,-0.83
2016-02-23,2.46
2016-02-24,-0.46
2016-02-24,6.28
2016-02-24,-0.56
2016-02-24,-0.83
2016-02-24,2.49
2016-02-25,-0.46
2016-02-25,6.29
2016-02-25,-0.56
2016-02-25,-0.83
2016-02-25,2.6
2016-02-26,-0.48
2016-02-26,6.28
2016-02-26,-0.55
2016-02-26,-0.84
2016-02-26,2.71
2016-02-29,-0.49
2016-02-29,6.22
2016-02-29,-0.55
2016-02-29,-0.84
2016-02-29,2.77
2016-03-01,-0.48
2016-03-01,6.15
2016-03-01,-0.55
2016-03-01,-0.84
2016-03-01,2.54
2016-03-02,-0.46
2016-03-02,6.13
2016-03-02,-0.55
2016-03-02,-0.84
2016-03-02,2.56
2016-03-03,-0.46
2016-03-03,6.02
2016-03-03,-0.55
2016-03-03,-0.84
2016-03-03,2.74
2016-03-04,-0.47
2016-03-04,5.9
2016-03-04,-0.54
2016-03-04,-0.84
2016-03-04,2.86
2016-03-07,-0.49
2016-03-07,5.82
2016-03-07,-0.53
2016-03-07,-0.84
2016-03-07,3.02
2016-03-08,-0.51
2016-03-08,5.87
2016-03-08,-0.54
2016-03-08,-0.84
2016-03-08,2.92
2016-03-09,-0.5
2016-03-09,5.97
2016-03-09,-0.53
2016-03-09,-0.84
2016-03-09,2.95
2016-03-10,-0.52
2016-03-10,6.05
2016-03-10,-0.54
2016-03-10,-0.84
2016-03-10,2.94
2016-03-11,-0.5
2016-03-11,6.11
2016-03-11,-0.53
2016-03-11,-0.84
2016-03-11,2.91
2016-03-14,-0.51
2016-03-14,6.13
2016-03-14,-0.54
2016-03-14,-0.84
2016-03-14,3.05
2016-03-15,-0.51
2016-03-15,5.96
2016-03-15,-0.54
2016-03-15,-0.84
2016-03-15,3.07
2016-03-16,-0.51
2016-03-16,5.95
2016-03-16,-0.55
2016-03-16,-0.84
2016-03-16,3.08
2016-03-17,-0.52
2016-03-17,5.97
2016-03-17,-0.54
2016-03-17,-0.84
2016-03-17,3.14
2016-03-18,-0.53
2016-03-18,5.96
2016-03-18,-0.54
2016-03-18,-0.84
2016-03-18,3.35
2016-03-21,-0.54
2016-03-21,6.01
2016-03-21,-0.54
2016-03-21,-0.84
2016-03-21,3.42
2016-03-22,-0.55
2016-03-22,5.94
2016-03-22,-0.54
2016-03-22,-0.84
2016-03-22,3.33
2016-03-23,-0.55
2016-03-23,5.95
2016-03-23,-0.54
2016-03-23,-0.84
2016-03-23,3.12
2016-03-24,-0.53
2016-03-24,5.96
2016-03-24,-0.55
2016-03-24,-0.84
2016-03-24,3.2
2016-03-28,-0.54
2016-03-28,5.97
2016-03-28,-0.54
2016-03-28,-0.84
2016-03-28,3.3
2016-03-29,-0.53
2016-03-29,5.92
2016-03-29,-0.54
2016-03-29,-0.84
2016-03-29,3.21
2016-03-30,-0.52
2016-03-30,5.85
2016-03-30,-0.55
2016-03-30,-0.84
2016-03-30,3.12
2016-03-31,-0.52
2016-03-31,5.84
2016-03-31,-0.54
2016-03-31,-0.84
2016-03-31,3.16
2016-04-01,-0.52
2016-04-01,5.82
2016-04-01,-0.54
2016-04-01,-0.84
2016-04-01,3.28
2016-04-04,-0.53
2016-04-04,5.71
2016-04-04,-0.55
2016-04-04,-0.84
2016-04-04,3.46
2016-04-05,-0.56
2016-04-05,5.72
2016-04-05,-0.55
2016-04-05,-0.84
2016-04-05,3.68
2016-04-06,-0.57
2016-04-06,5.72
2016-04-06,-0.55
2016-04-06,-0.84
2016-04-06,3.82
2016-04-07,-0.59
2016-04-07,5.82
2016-04-07,-0.56
2016-04-07,-0.83
2016-04-07,3.72
2016-04-08,-0.58
2016-04-08,5.8
2016-04-08,-0.55
2016-04-08,-0.84
2016-04-08,3.6
2016-04-11,-0.56
2016-04-11,5.75
2016-04-11,-0.55
2016-04-11,-0.84
2016-04-11,3.6
2016-04-12,-0.56
2016-04-12,5.73
2016-04-12,-0.54
2016-04-12,-0.84
2016-04-12,3.53
2016-04-13,-0.55
2016-04-13,5.71
2016-04-13,-0.54
2016-04-13,-0.84
2016-04-13,3.6
2016-04-14,-0.56
2016-04-14,5.72
2016-04-14,-0.53
2016-04-14,-0.84
2016-04-14,3.55
2016-04-15,-0.56
2016-04-15,5.91
2016-04-15,-0.53
2016-04-15,-0.84
2016-04-15,3.57
2016-04-18,-0.58
2016-04-18,6.13
2016-04-18,-0.53
2016-04-18,-0.84
2016-04-18,3.5
2016-04-19,-0.58
2016-04-19,6.05
2016-04-19,-0.52
2016-04-19,-0.85
2016-04-19,3.39
2016-04-20,-0.57
2016-04-20,6.03
2016-04-20,-0.51
2016-04-20,-0.85
2016-04-20,3.5
2016-04-21,-0.58
2016-04-21,6.16
2016-04-21,-0.52
2016-04-21,-0.85
2016-04-21,3.45
2016-04-22,-0.57
2016-04-22,5.8
2016-04-22,-0.49
2016-04-22,-0.86
2016-04-22,3.9
2016-04-25,-0.59
2016-04-25,5.88
2016-04-25,-0.5
2016-04-25,-0.86
2016-04-25,3.83
2016-04-26,-0.59
2016-04-26,5.79
2016-04-26,-0.48
2016-04-26,-0.86
2016-04-26,3.93
2016-04-27,-0.61
2016-04-27,6.22
2016-04-27,-0.48
2016-04-27,-0.86
2016-04-27,3.94
2016-04-28,-0.62
2016-04-28,6.29
2016-04-28,-0.48
2016-04-28,-0.86
2016-04-28,3.96
2016-04-29,-0.62
2016-04-29,6.39
2016-04-29,-0.49
2016-04-29,-0.86
2016-04-29,3.83
2016-05-02,-0.61
2016-05-02,6.46
2016-05-02,-0.48
2016-05-02,-0.86
2016-05-02,3.78
2016-05-03,-0.61
2016-05-03,6.27
2016-05-03,-0.49
2016-05-03,-0.86
2016-05-03,3.67
2016-05-04,-0.59
2016-05-04,6.39
2016-05-04,-0.49
2016-05-04,-0.86
2016-05-04,3.46
2016-05-05,-0.58
2016-05-05,6.52
2016-05-05,-0.5
2016-05-05,-0.86
2016-05-05,3.24
2016-05-06,-0.56
2016-05-06,6.67
2016-05-06,-0.5
2016-05-06,-0.86
2016-05-06,3.27
2016-05-09,-0.57
2016-05-09,6.68
2016-05-09,-0.5
2016-05-09,-0.86
2016-05-09,3.17
2016-05-10,-0.55
2016-05-10,6.74
2016-05-10,-0.5
2016-05-10,-0.86
2016-05-10,3.09
2016-05-11,-0.56
2016-05-11,6.73
2016-05-11,-0.51
2016-05-11,-0.86
2016-05-11,3.09
2016-05-12,-0.57
2016-05-12,6.9
2016-05-12,-0.5
2016-05-12,-0.86
2016-05-12,3.02
2016-05-13,-0.56
2016-05-13,6.85
2016-05-13,-0.51
2016-05-13,-0.85
2016-05-13,3.06
2016-05-16,-0.55
2016-05-16,6.63
2016-05-16,-0.51
2016-05-16,-0.85
2016-05-16,3.02
2016-05-17,-0.55
2016-05-17,6.55
2016-05-17,-0.51
2016-05-17,-0.86
2016-05-17,3.05
2016-05-18,-0.54
2016-05-18,6.47
2016-05-18,-0.5
2016-05-18,-0.86
2016-05-18,3.16
2016-05-19,-0.55
2016-05-19,6.43
2016-05-19,-0.5
2016-05-19,-0.86
2016-05-19,3.28
2016-05-20,-0.56
2016-05-20,6.45
2016-05-20,-0.5
2016-05-20,-0.86
2016-05-20,3.35
2016-05-23,-0.56
2016-05-23,6.3
2016-05-23,-0.5
2016-05-23,-0.86
2016-05-23,3.32
2016-05-24,-0.55
2016-05-24,6.36
2016-05-24,-0.5
2016-05-24,-0.86
2016-05-24,3.22
2016-05-25,-0.54
2016-05-25,6.28
2016-05-25,-0.5
2016-05-25,-0.86
2016-05-25,3.21
2016-05-26,-0.54
2016-05-26,6.21
2016-05-26,-0.5
2016-05-26,-0.86
2016-05-26,3.34
2016-05-27,-0.55
2016-05-27,6.3
2016-05-27,-0.5
2016-05-27,-0.86
2016-05-27,3.26
2016-05-31,-0.55
2016-05-31,6.37
2016-05-31,-0.51
2016-05-31,-0.85
2016-05-31,3.21
2016-06-01,-0.56
2016-06-01,6.46
2016-06-01,-0.5
2016-06-01,-0.86
2016-06-01,3.15
2016-06-02,-0.55
2016-06-02,6.47
2016-06-02,-0.51
2016-06-02,-0.85
2016-06-02,3.17
2016-06-03,-0.55
2016-06-03,6.38
2016-06-03,-0.5
2016-06-03,-0.86
2016-06-03,3.23
2016-06-06,-0.55
2016-06-06,6.27
2016-06-06,-0.49
2016-06-06,-0.86
2016-06-06,3.23
2016-06-07,-0.55
2016-06-07,6.24
2016-06-07,-0.5
2016-06-07,-0.85
2016-06-07,3.46
2016-06-08,-0.57
2016-06-08,6.36
2016-06-08,-0.51
2016-06-08,-0.86
2016-06-08,3.53
2016-06-09,-0.58
2016-06-09,6.31
2016-06-09,-0.51
2016-06-09,-0.86
2016-06-09,3.44
2016-06-10,-0.57
2016-06-10,6.28
2016-06-10,-0.52
2016-06-10,-0.85
2016-06-10,3.25
2016-06-13,-0.56
2016-06-13,6.38
2016-06-13,-0.52
2016-06-13,-0.85
2016-06-13,3.35
2016-06-14,-0.55
2016-06-14,6.37
2016-06-14,-0.53
2016-06-14,-0.85
2016-06-14,3.31
2016-06-15,-0.55
2016-06-15,6.4
2016-06-15,-0.53
2016-06-15,-0.85
2016-06-15,3.38
2016-06-16,-0.55
2016-06-16,6.28
2016-06-16,-0.52
2016-06-16,-0.85
2016-06-16,3.32
2016-06-17,-0.56
2016-06-17,6.26
2016-06-17,-0.51
2016-06-17,-0.85
2016-06-17,3.3
2016-06-20,-0.56
2016-06-20,6.29
2016-06-20,-0.5
2016-06-20,-0.86
2016-06-20,3.39
2016-06-21,-0.56
2016-06-21,6.26
2016-06-21,-0.5
2016-06-21,-0.85
2016-06-21,3.29
2016-06-22,-0.56
2016-06-22,6.3
2016-06-22,-0.5
2016-06-22,-0.85
2016-06-22,2.86
2016-06-23,-0.51
2016-06-23,6.3
2016-06-23,-0.49
2016-06-23,-0.85
2016-06-23,2.78
2016-06-24,-0.52
2016-06-24,6.23
2016-06-24,-0.51
2016-06-24,-0.85
2016-06-24,2.88
2016-06-27,-0.52
2016-06-27,6.26
2016-06-27,-0.52
2016-06-27,-0.85
2016-06-27,3.1
2016-06-28,-0.53
2016-06-28,6.27
2016-06-28,-0.52
2016-06-28,-0.85
2016-06-28,3.08
2016-06-29,-0.53
2016-06-29,6.25
2016-06-29,-0.51
2016-06-29,-0.85
2016-06-29,3.16
2016-06-30,-0.55
2016-06-30,6.24
2016-06-30,-0.51
2016-06-30,-0.85
2016-06-30,3.15
2016-07-01,-0.55
2016-07-01,6.29
2016-07-01,-0.51
2016-07-01,-0.85
2016-07-01,3.23
2016-07-05,-0.56
2016-07-05,6.31
2016-07-05,-0.52
2016-07-05,-0.85
2016-07-05,3.18
2016-07-06,-0.55
2016-07-06,6.3
2016-07-06,-0.52
2016-07-06,-0.85
2016-07-06,3.17
2016-07-07,-0.55
2016-07-07,6.25
2016-07-07,-0.52
2016-07-07,-0.85
2016-07-07,3.2
2016-07-08,-0.55
2016-07-08,6.3
2016-07-08,-0.51
2016-07-08,-0.85
2016-07-08,3.14
2016-07-11,-0.55
2016-07-11,6.37
2016-07-11,-0.51
2016-07-11,-0.85
2016-07-11,3.27
2016-07-12,-0.57
2016-07-12,6.4
2016-07-12,-0.5
2016-07-12,-0.85
2016-07-12,3.22
2016-07-13,-0.57
2016-07-13,6.4
2016-07-13,-0.5
2016-07-13,-0.85
2016-07-13,3.16
2016-07-14,-0.56
2016-07-14,6.3
2016-07-14,-0.51
2016-07-14,-0.85
2016-07-14,3.12
2016-07-15,-0.55
2016-07-15,6.29
2016-07-15,-0.5
2016-07-15,-0.85
2016-07-15,3.1
2016-07-18,-0.55
2016-07-18,6.35
2016-07-18,-0.51
2016-07-18,-0.85
2016-07-18,3.19
2016-07-19,-0.56
2016-07-19,6.38
2016-07-19,-0.52
2016-07-19,-0.85
2016-07-19,3.24
2016-07-20,-0.56
2016-07-20,6.41
2016-07-20,-0.51
2016-07-20,-0.84
2016-07-20,3.08
2016-07-21,-0.56
2016-07-21,6.43
2016-07-21,-0.51
2016-07-21,-0.84
2016-07-21,2.95
2016-07-22,-0.55
2016-07-22,6.53
2016-07-22,-0.51
2016-07-22,-0.84
2016-07-22,2.93
2016-07-25,-0.56
2016-07-25,6.6
2016-07-25,-0.51
2016-07-25,-0.84
2016-07-25,3.05
2016-07-26,-0.58
2016-07-26,6.64
2016-07-26,-0.51
2016-07-26,-0.84
2016-07-26,3.04
2016-07-27,-0.55
2016-07-27,6.21
2016-07-27,-0.51
2016-07-27,-0.85
2016-07-27,3.07
2016-07-28,-0.54
2016-07-28,6.15
2016-07-28,-0.51
2016-07-28,-0.85
2016-07-28,3.1
2016-07-29,-0.55
2016-07-29,6.38
2016-07-29,-0.52
2016-07-29,-0.85
2016-07-29,3.14
2016-08-01,-0.55
2016-08-01,6.29
2016-08-01,-0.52
2016-08-01,-0.85
2016-08-01,3.07
2016-08-02,-0.55
2016-08-02,6.38
2016-08-02,-0.52
2016-08-02,-0.85
2016-08-02,3.02
2016-08-03,-0.53
2016-08-03,6.31
2016-08-03,-0.52
2016-08-03,-0.85
2016-08-03,2.96
2016-08-04,-0.53
2016-08-04,6.29
2016-08-04,-0.53
2016-08-04,-0.84
2016-08-04,3.02
2016-08-05,-0.53
2016-08-05,6.28
2016-08-05,-0.52
2016-08-05,-0.85
2016-08-05,2.97
2016-08-08,-0.53
2016-08-08,6.21
2016-08-08,-0.52
2016-08-08,-0.84
2016-08-08,2.9
2016-08-09,-0.52
2016-08-09,6.21
2016-08-09,-0.53
2016-08-09,-0.84
2016-08-09,2.94
2016-08-10,-0.53
2016-08-10,6.27
2016-08-10,-0.53
2016-08-10,-0.84
2016-08-10,2.89
2016-08-11,-0.52
2016-08-11,6.27
2016-08-11,-0.53
2016-08-11,-0.84
2016-08-11,2.86
2016-08-12,-0.52
2016-08-12,6.24
2016-08-12,-0.53
2016-08-12,-0.84
2016-08-12,2.89
2016-08-15,-0.51
2016-08-15,6.15
2016-08-15,-0.53
2016-08-15,-0.84
2016-08-15,2.88
2016-08-16,-0.52
2016-08-16,6.1
2016-08-16,-0.53
2016-08-16,-0.84
2016-08-16,2.89
2016-08-17,-0.51
2016-08-17,6.14
2016-08-17,-0.53
2016-08-17,-0.84
2016-08-17,2.88
2016-08-18,-0.51
2016-08-18,6.13
2016-08-18,-0.52
2016-08-18,-0.84
2016-08-18,2.88
2016-08-19,-0.51
2016-08-19,6.09
2016-08-19,-0.52
2016-08-19,-0.85
2016-08-19,2.9
2016-08-22,-0.52
2016-08-22,6.12
2016-08-22,-0.52
2016-08-22,-0.84
2016-08-22,2.87
2016-08-23,-0.51
2016-08-23,6.09
2016-08-23,-0.52
2016-08-23,-0.84
2016-08-23,2.88
2016-08-24,-0.52
2016-08-24,6.12
2016-08-24,-0.52
2016-08-24,-0.84
2016-08-24,2.84
2016-08-25,-0.52
2016-08-25,6.15
2016-08-25,-0.52
2016-08-25,-0.84
2016-08-25,2.8
2016-08-26,-0.52
2016-08-26,6.2
2016-08-26,-0.52
2016-08-26,-0.84
2016-08-26,2.79
2016-08-29,-0.51
2016-08-29,6.23
2016-08-29,-0.52
2016-08-29,-0.84
2016-08-29,2.7
2016-08-30,-0.51
2016-08-30,6.26
2016-08-30,-0.51
2016-08-30,-0.85
2016-08-30,2.65
2016-08-31,-0.5
2016-08-31,6.23
2016-08-31,-0.51
2016-08-31,-0.85
2016-08-31,2.69
2016-09-01,-0.5
2016-09-01,6.2
2016-09-01,-0.52
2016-09-01,-0.85
2016-09-01,2.49
2016-09-02,-0.46
2016-09-02,6.16
2016-09-02,-0.52
2016-09-02,-0.85
2016-09-02,2.43
2016-09-06,-0.46
2016-09-06,6.24
2016-09-06,-0.52
2016-09-06,-0.84
2016-09-06,2.52
2016-09-07,-0.47
2016-09-07,6.2
2016-09-07,-0.52
2016-09-07,-0.85
2016-09-07,2.5
2016-09-08,-0.48
2016-09-08,6.35
2016-09-08,-0.52
2016-09-08,-0.85
2016-09-08,2.44
2016-09-09,-0.48
2016-09-09,6.37
2016-09-09,-0.52
2016-09-09,-0.84
2016-09-09,2.46
2016-09-12,-0.46
2016-09-12,6.29
2016-09-12,-0.52
2016-09-12,-0.85
2016-09-12,2.48
2016-09-13,-0.46
2016-09-13,6.04
2016-09-13,-0.52
2016-09-13,-0.84
2016-09-13,2.47
2016-09-14,-0.43
2016-09-14,5.82
2016-09-14,-0.53
2016-09-14,-0.84
2016-09-14,2.49
2016-09-15,-0.41
2016-09-15,5.68
2016-09-15,-0.53
2016-09-15,-0.84
2016-09-15,2.5
2016-09-16,-0.43
2016-09-16,5.69
2016-09-16,-0.52
2016-09-16,-0.84
2016-09-16,2.59
2016-09-19,-0.45
2016-09-19,5.74
2016-09-19,-0.52
2016-09-19,-0.85
2016-09-19,2.62
2016-09-20,-0.45
2016-09-20,5.79
2016-09-20,-0.53
2016-09-20,-0.84
2016-09-20,2.6
2016-09-21,-0.45
2016-09-21,5.84
2016-09-21,-0.52
2016-09-21,-0.84
2016-09-21,2.55
2016-09-22,-0.44
2016-09-22,5.87
2016-09-22,-0.53
2016-09-22,-0.85
2016-09-22,2.57
2016-09-23,-0.45
2016-09-23,5.98
2016-09-23,-0.54
2016-09-23,-0.84
2016-09-23,2.61
2016-09-26,-0.46
2016-09-26,5.86
2016-09-26,-0.53
2016-09-26,-0.84
2016-09-26,2.67
2016-09-27,-0.46
2016-09-27,5.92
2016-09-27,-0.54
2016-09-27,-0.84
2016-09-27,2.55
2016-09-28,-0.45
2016-09-28,5.86
2016-09-28,-0.54
2016-09-28,-0.84
2016-09-28,2.55
2016-09-29,-0.46
2016-09-29,5.91
2016-09-29,-0.54
2016-09-29,-0.84
2016-09-29,2.5
2016-09-30,-0.44
2016-09-30,5.88
2016-09-30,-0.53
2016-09-30,-0.84
2016-09-30,2.54
2016-10-03,-0.45
2016-10-03,5.87
2016-10-03,-0.53
2016-10-03,-0.84
2016-10-03,2.72
2016-10-04,-0.47
2016-10-04,5.87
2016-10-04,-0.54
2016-10-04,-0.84
2016-10-04,2.69
2016-10-05,-0.47
2016-10-05,5.87
2016-10-05,-0.54
2016-10-05,-0.84
2016-10-05,2.62
2016-10-06,-0.45
2016-10-06,5.82
2016-10-06,-0.54
2016-10-06,-0.84
2016-10-06,2.48
2016-10-07,-0.43
2016-10-07,5.8
2016-10-07,-0.54
2016-10-07,-0.84
2016-10-07,2.4
2016-10-10,-0.41
2016-10-10,5.77
2016-10-10,-0.54
2016-10-10,-0.84
2016-10-10,2.46
2016-10-11,-0.42
2016-10-11,5.73
2016-10-11,-0.55
2016-10-11,-0.84
2016-10-11,2.5
2016-10-12,-0.41
2016-10-12,5.7
2016-10-12,-0.55
2016-10-12,-0.84
2016-10-12,2.53
2016-10-13,-0.42
2016-10-13,5.65
2016-10-13,-0.55
2016-10-13,-0.84
2016-10-13,2.52
2016-10-14,-0.41
2016-10-14,5.62
2016-10-14,-0.54
2016-10-14,-0.84
2016-10-14,2.42
2016-10-17,-0.4
2016-10-17,5.64
2016-10-17,-0.55
2016-10-17,-0.84
2016-10-17,2.39
2016-10-18,-0.39
2016-10-18,5.77
2016-10-18,-0.55
2016-10-18,-0.84
2016-10-18,2.45
2016-10-19,-0.41
2016-10-19,5.84
2016-10-19,-0.56
2016-10-19,-0.84
2016-10-19,2.54
2016-10-20,-0.42
2016-10-20,5.81
2016-10-20,-0.56
2016-10-20,-0.84
2016-10-20,2.48
2016-10-21,-0.41
2016-10-21,5.86
2016-10-21,-0.57
2016-10-21,-0.83
2016-10-21,2.35
2016-10-24,-0.41
2016-10-24,5.91
2016-10-24,-0.58
2016-10-24,-0.82
2016-10-24,2.32
2016-10-25,-0.42
2016-10-25,5.83
2016-10-25,-0.58
2016-10-25,-0.82
2016-10-25,2.32
2016-10-26,-0.43
2016-10-26,5.91
2016-10-26,-0.57
2016-10-26,-0.82
2016-10-26,2.34
2016-10-27,-0.43
2016-10-27,5.95
2016-10-27,-0.57
2016-10-27,-0.82
2016-10-27,2.39
2016-10-28,-0.44
2016-10-28,5.99
2016-10-28,-0.57
2016-10-28,-0.82
2016-10-28,2.34
2016-10-31,-0.43
2016-10-31,5.91
2016-10-31,-0.57
2016-10-31,-0.82
2016-10-31,2.3
2016-11-01,-0.44
2016-11-01,6.03
2016-11-01,-0.56
2016-11-01,-0.82
2016-11-01,2.19
2016-11-02,-0.42
2016-11-02,5.89
2016-11-02,-0.56
2016-11-02,-0.82
2016-11-02,2.16
